cycle,capacity_Ah,duration_min,T_initial_C,T_max_C,delta_T_C,heating_rate_C_per_min,V_mean,V_min,SOH,RUL
1,1.8564874208181574,61.5039,24.330033885570543,38.98218133148803,14.652147445917485,0.261118512536173,3.5298286688693397,2.612467347907089,100.0,100
2,1.846327249719927,61.205733333333335,24.697751935729325,39.033397966787035,14.33564603105771,0.2568548308132661,3.5373201277859714,2.587208728940726,99.45272071416714,99
3,1.8353491942234077,60.860683333333334,24.734266163954402,38.818796689817404,14.084530525863002,0.2538301307554935,3.5437367282719,2.6519168938437794,98.86138595081705,98
4,1.8352625275821128,60.526050000000005,24.65423646922845,38.7623045063458,14.108068037117349,0.2542375979057038,3.5436661072601456,2.592947964776547,98.85671763794173,97
5,1.8346455082120419,60.486200000000004,24.524796959348127,38.66539257343368,14.140595614085552,0.2549745552618843,3.5423432526672167,2.547419651124539,98.82348178817772,96
6,1.8356616600675495,60.87135,24.522297376927863,38.75169504640032,14.229397669472458,0.2564589385996495,3.5413347346347575,2.5209480504077413,98.87821697485944,95
7,1.8351461429226603,60.84713333333333,24.58487828579781,38.8207012322275,14.235822946429689,0.25664343161371683,3.5410250495075215,2.487927319492314,98.85044855913476,94
8,1.8257567905665537,59.54088333333333,24.713628799279793,38.51713023385634,13.80350143457655,0.25011417959036164,3.554133296801584,2.6652049047458775,98.34468955151549,93
9,1.8247738529891333,59.176566666666666,24.635211633324694,38.526267904657,13.891056271332303,0.2518301548604262,3.5529355991467955,2.6038584726333673,98.29174345738105,92
10,1.824613268496936,59.1875,24.572057664095553,38.52698128472781,13.954923620632258,0.2529581177969942,3.5512057319376997,2.552853984885676,98.2830935473199,91
11,1.8246195526864504,58.8375,24.43671599422777,38.54143406601644,14.104718071788671,0.2556734119434227,3.549292319740949,2.4724483018527317,98.28343204622077,90
12,1.8142019357673917,58.1836,24.7443285138996,38.52197451768004,13.777646003780443,0.25119961937631397,3.559759220648976,2.64956413267546,97.72228539894279,89
13,1.8137521577549054,57.83801666666667,24.736639099532358,38.582485834057856,13.845846734525498,0.25246348941478663,3.558081969139198,2.5724981777366227,97.69805803238793,88
14,1.8134404914735822,57.833333333333336,24.44798340505406,38.520294134873915,14.072310729819854,0.25662688735503775,3.555692244172496,2.5249886697730286,97.68127007692816,87
15,1.8025980036306504,57.50495,24.47211924021532,38.21358592965045,13.741466689435129,0.2520707867156939,3.562746818017503,2.694621861688723,97.09723768751647,86
16,1.80210690024615,57.15678333333334,24.325417128823222,38.1983618706913,13.872944741868078,0.25456766157336175,3.5614521756489204,2.64010141737067,97.07078432300706,85
17,1.802579500826209,56.824733333333334,24.3625933569109,38.31926916027133,13.956675803360433,0.25606496480764135,3.5603420474985823,2.5739035098380962,97.09624103091467,84
18,1.8030683142834096,56.50703333333333,24.382419922756025,38.4787542519308,14.096334329174777,0.2585841252112584,3.5591189041401865,2.4942396831720126,97.12257104811376,83
19,1.8027776247196041,56.50468333333333,24.361449262276754,38.54659017774874,14.185140915471987,0.2602305437264054,3.557886771846508,2.4556793246645583,97.1069130069902,82
20,1.8470259949329193,59.86223333333333,24.558714742953534,38.44749852224995,13.888783779296418,0.248763618570181,3.5520375235511907,2.632142800798914,99.49035873989017,81
21,1.847417311283644,59.204950000000004,24.92210633449132,38.992275791716615,14.070169457225294,0.25193249395647355,3.5525668436897124,2.5027764692056795,99.5114370594272,80
22,1.8361774213478947,58.859633333333335,24.56596639952811,38.51424197364312,13.948275574115005,0.25122952112101854,3.556794038327039,2.617507742871704,98.90599854098058,79
23,1.8257807475776242,58.21511666666667,24.21658146702539,38.165816144899125,13.949234677873736,0.25266179790729737,3.5614100044534203,2.694074478000972,98.34597999985365,78
24,1.8251136435078368,58.52656666666667,24.054990657817566,38.16526203587147,14.110271378053906,0.25570045587356277,3.5566107947817986,2.6237674644021887,98.31004632950896,77
25,1.8255815042203762,57.19895000000009,24.028778234327,38.27549578575718,14.24671755143018,0.2581000345679528,3.5586742170266272,2.5010798299873738,98.33524772367372,76
26,1.8140311275083907,57.18541666666667,23.93841461307264,37.982160799183106,14.043746186110464,0.2560269142938571,3.564103182686905,2.6849988185249796,97.71308478400267,75
27,1.8147691941158939,56.87343333333333,23.811534187517502,38.11100191887773,14.299467731360231,0.26057392902759297,3.559588063594272,2.547109116468133,97.75284086310275,74
28,1.813969388710352,56.8448,23.754765330883426,38.18831137948753,14.433546048604104,0.2631707299252455,3.556833231052199,2.471314764334132,97.70975921350076,73
29,1.802765665167823,56.845299999999995,23.79768342466196,37.998541119085836,14.200857694423874,0.26050772140609185,3.5624410850948944,2.6613903306108773,97.10626880376819,72
30,1.804077040117352,56.545316666666665,23.801300986918452,38.194201649765226,14.392900662846774,0.2638352830634429,3.5591407106855666,2.541762355407921,97.17690623092355,71
31,1.8518025516704486,57.84453333333333,23.78129749955371,38.45796400011448,14.67666650056077,0.2632069734705679,3.5573161327793144,2.628919415830567,99.74764875349146,70
32,1.8307038456739428,56.90181666666667,24.204043411413554,38.49126351534004,14.287220103926483,0.2598697749496056,3.561870782772737,2.6312552691827045,98.61116348782737,69
33,1.8199041089501267,56.586983333333336,24.0063252333915,38.31473393357882,14.308408700187321,0.2617628858501027,3.5617586337260088,2.654880745360911,98.02943389447215,68
34,1.8093079637028517,56.43333333333333,23.53999092882516,37.861934640176806,14.321943711351647,0.2642919976960934,3.5597307651083123,2.6749688422803803,97.45867078945713,67
35,1.80460990458052,56.136449999999996,23.566095747572557,37.90665575786083,14.340560010288275,0.2645440837681906,3.5575937553540915,2.6159705726789904,97.20560906279802,66
36,1.7993770651972192,56.13776666666667,23.978912001702884,38.34003238560517,14.361120383902286,0.26572367912055816,3.5597237883937995,2.658447162110498,96.92374130950105,65
37,1.7884432335370462,55.97865,23.757591205264927,38.0745950590744,14.31700385380947,0.2657037523131977,3.559061771422033,2.6979426084271156,96.33478867036308,64
38,1.7829230484252723,55.65833333333333,23.51454265913581,38.07252758016199,14.55798492102618,0.27178902296479934,3.557015527748059,2.6617272246516333,96.03744299218224,63
39,1.7730337158018288,55.52108333333333,23.282413018265935,37.80133585100446,14.518922832738525,0.27257588931330984,3.5562481933590964,2.699288287625812,95.50475246530081,62
40,1.773037755078937,55.35313333333333,23.439367870877128,38.39873985476869,14.959371983891565,0.280885941635952,3.5532756526091784,2.6127932408838532,95.50497004162602,61
41,1.7678721106662054,55.364066666666666,24.020578317587123,38.74929237918251,14.72871406159539,0.27734148327433483,3.556266431640255,2.6637064901468075,95.22672175646096,60
42,1.7623150704093087,55.19713333333333,24.256086319320033,38.87275464755104,14.616668328231007,0.2760792034608619,3.5563095420140822,2.6668454289754746,94.92739086983165,59
43,1.7676172924938447,55.456516666666666,23.99270220171187,38.503541429116005,14.510839227404134,0.27141564207760555,3.558950851054106,2.684431051981017,95.21299593373234,58
44,1.762668359743147,55.201299999999996,23.828786239535976,38.27009094548294,14.441304705946965,0.27272006522683795,3.5534418211598053,2.645224362345869,94.94642085785509,57
45,1.7517304870664143,54.8862,23.350512970732126,38.11684755251712,14.766334581784996,0.2796972114593514,3.5510121537420285,2.6603527244917,94.35725054869607,56
46,1.7418496047960008,54.5888,23.236214188565974,38.04152715355532,14.805312964989348,0.28290830400944245,3.551317608213948,2.6926849789916263,93.82501520146927,55
47,1.7360913511847138,54.41693333333333,23.214801785728056,38.17980302242767,14.965001236699614,0.28688195672775574,3.549003180550162,2.670544734728978,93.51484592444021,54
48,1.7936240148573608,55.482283333333335,26.647373946169793,40.71218198711114,14.064808040941344,0.2602636481314766,3.5597648340955175,2.605158060541757,96.61385230754256,53
49,1.7831890223273275,55.487766666666666,25.700376529166363,39.885261233152924,14.184884703986562,0.26479775436213393,3.5623454342368555,2.672012007453096,96.05176972012408,52
50,1.7673642076278957,55.026316666666666,24.83618832123406,39.18287352945846,14.3466852082244,0.2693778133151153,3.558336657621618,2.674271233724938,95.19936347583841,51
51,1.7570177850353066,54.72605,24.361616832363048,38.951564804030774,14.589947971667726,0.2763329714644511,3.554013138622869,2.6309416727017187,94.64205172265511,50
52,1.7468706179837907,54.58541666666667,24.019157444608588,38.607510759873634,14.588353315265046,0.2779160985103434,3.552376095886298,2.6629725743154204,94.09547290193551,49
53,1.7417172507457144,54.4276,24.01966866535824,38.920359903369054,14.900691238010815,0.28472232239856565,3.549618661283733,2.612942119873717,93.81788592880078,48
54,1.7364225056478186,54.43488333333333,24.33608487469673,39.23273115358871,14.896646278891978,0.2846379608243362,3.54938103086703,2.6157198442661476,93.53268361401415,47
55,1.7263217239235826,54.29323333333333,24.124280416630818,38.964927068400804,14.840646651769987,0.2860876041194946,3.5472118680418956,2.6287695472774453,92.988603346571,46
56,1.7158065389330133,54.14321666666667,23.971565610462942,38.83927283461771,14.867707224154767,0.2883506827644579,3.5467052098640246,2.6655106679421823,92.42220117908766,45
57,1.710533351135192,53.97943333333333,23.839327005970397,38.82796377704433,14.988636771073935,0.29160771928159407,3.544629653883431,2.650495153350403,92.13816005181208,44
58,1.706014499648521,54.00233333333333,23.956923878018035,39.14007944734004,15.183155569322007,0.2952724525271276,3.5436291614253204,2.643236235233877,91.89475137389712,43
59,1.7003110272642588,53.83515,24.465118009505925,39.349611598028886,14.884493588522961,0.29132623852486816,3.5444946147995258,2.656450207001938,91.58753289666399,42
60,1.6945798601797895,53.82968333333338,24.267851748683743,39.29444535878087,15.026593610097127,0.29506703402052586,3.5409201846556857,2.626177688152069,91.27882263985312,41
61,1.6849029086609286,53.54115,24.1464003948948,39.10487658009542,14.95847618520062,0.2944928786271208,3.541195668799061,2.6582230344240045,90.75757205607074,40
62,1.6744741591159717,53.55365,23.93565216301482,39.0462609369598,15.110608773944978,0.2993078912408921,3.540671044783382,2.695100237338448,90.19582574806932,39
63,1.6745692479879102,53.392966666666666,24.08253541678387,39.398032192832,15.315496776048128,0.3043270419579121,3.5376048790268775,2.639091813583503,90.2009477257823,38
64,1.663716375981405,53.25208333333333,24.428816535813286,39.10678394120843,14.67796740539514,0.2925157494192248,3.538422485261741,2.6857210282450983,89.6163559916933,37
65,1.659013868748246,53.25521666666658,24.3288116844709,39.44448954135193,15.115677856881028,0.3021734493815903,3.53928626988912,2.69017866510873,89.3630546668135,36
66,1.6538540573335014,53.10495,24.13396954428516,39.509602016775695,15.375632472490533,0.3083091146626893,3.533690170241391,2.639895313359579,89.08512057704355,35
67,1.642653782130131,52.94063333333334,23.980294072799666,39.334865362245324,15.354571289445659,0.3099324734623178,3.534367734544495,2.68991452927918,88.48181591266643,34
68,1.6378578430223698,52.793216666666666,23.975074779018822,39.43723270017243,15.462157921153608,0.31302555049151126,3.5312941932103548,2.65935818848874,88.22348186450748,33
69,1.6327350407099108,52.795316666666665,24.038398340905246,39.51375235624076,15.475354015335512,0.31531914794807175,3.5309134771684274,2.6657030585650423,87.94754127611387,32
70,1.6277528915533617,52.6512999999999,24.08228910360418,39.60170302810528,15.519413924501098,0.3171423534779234,3.5287226893409893,2.642986759012803,87.67917699307695,31
71,1.622125485521159,52.48048333333334,24.043611031076775,39.687463597582074,15.643852566505299,0.3197602096019986,3.52625493581969,2.6311169118893036,87.37605584239753,30
72,1.6113256603765849,52.4849,24.00795354679432,39.53535075538898,15.527397208594664,0.320532863399656,3.528684324337005,2.696157404617167,86.79432148624366,29
73,1.6065631397488385,52.34245,23.99346277596251,39.6502371632164,15.656774387253893,0.3230803311104318,3.525556939424901,2.6667596238241567,86.53778753000239,28
74,1.6015142233917594,52.19375,23.98660963888346,39.69929058154853,15.71268094266507,0.325237204485998,3.5226805646793737,2.6403185448373043,86.26582682073705,27
75,1.590369231400328,52.03178333333334,23.92821519902996,39.56076309770468,15.63254789867472,0.3257770586273549,3.524673458789008,2.69892986372897,85.66549999565574,26
76,1.5857889968242211,52.03541666666667,23.878754027011194,39.63708096307912,15.758326936067927,0.3294442115928436,3.5213155754526824,2.6682466504352993,85.4187849075412,25
77,1.5849430707374117,52.02786666666667,23.91102327504336,39.43977047692484,15.528747201881483,0.3247311662556566,3.51803386486462,2.6479207279724903,85.37321895986369,24
78,1.5955263892495937,52.01433333333333,24.472949639670766,39.839022256254516,15.36607261658375,0.31924493126966574,3.5236841955396794,2.6741633856529066,85.94329115068511,23
79,1.5747301747801037,51.730466666666665,23.823313591520908,39.41794949618613,15.594635904665225,0.32815878327649256,3.519146638240668,2.6892528956736257,84.82309964083233,22
80,1.5649019950937946,51.5849,23.405971076202263,39.262781682151214,15.85681060594895,0.33699236385102094,3.516233648608237,2.688809122993162,84.29370312695895,21
81,1.5597659473370362,51.59635,23.506583211337613,39.47237839941986,15.965795188082247,0.33926358475445245,3.514773138461639,2.6743555987897745,84.01704907053151,20
82,1.5594815668184234,51.57213333333333,23.986241979219916,40.037541469513684,16.05129949029377,0.3411862291727191,3.5132992979150073,2.6430294964336345,84.00173086716403,19
83,1.55468935359061,51.44218333333333,24.332016492731967,40.142730162011574,15.810713669279608,0.3370779370158104,3.514484830704665,2.6584858447131823,83.74359751414073,18
84,1.5488741079890418,51.427083333333336,24.21167795659843,40.1165626728546,15.90488471625617,0.3403290059829475,3.5109677353595243,2.629782173759164,83.43035835418966,17
85,1.538236598942558,51.12005,24.000428061078125,39.87503330866132,15.874605247583197,0.34195057582139,3.5109358749578012,2.6622967647315545,82.85736718133292,16
86,1.527914258251028,50.96928333333334,23.66809609847637,39.61961987024145,15.951523771765082,0.3470905480010491,3.509393098217416,2.682380966742509,82.30135260370756,15
87,1.5285252629756445,50.980199999999996,23.85390035974786,40.067324667444815,16.213424307696954,0.35152846394769066,3.5066782411556563,2.6401894768922713,82.33426447360578,14
88,1.522647325284378,50.9763,24.243768997381085,40.24716716520102,16.003398167819935,0.3482075435000903,3.5109885623008092,2.693769409137257,82.01764839394087,13
89,1.5174859938489869,50.82213333333333,24.30453859448875,40.30253125568348,15.997992661194733,0.3492634019073208,3.510305462695178,2.695787450704935,81.73963242800902,12
90,1.605818899130659,52.95365,24.116835091267607,40.09418103142496,15.977345940157353,0.33099378727991063,3.5222215314850214,2.6920548172137724,86.49769888680268,11
91,1.5638491446744425,51.38228333333333,24.72670353176169,40.52238496316615,15.795681431404457,0.3348094953219015,3.5163492154331264,2.629071246219689,84.23699116610504,10
92,1.5480915247767786,51.237766666666666,24.73538913848975,40.56886357314186,15.83347443465211,0.3389181067272599,3.5134397623234963,2.631343871050918,83.38820438085877,9
93,1.5323755631868592,51.1,24.501974007826995,40.27804845768325,15.776074449856253,0.3410927582962506,3.515137522009075,2.6983970036642315,82.54166152720488,8
94,1.5269528268489705,50.94061666666666,24.266143541114122,40.2921849196155,16.02604137850138,0.34772484934171,3.50830390643132,2.6338485871981514,82.24956494324317,7
95,1.5169573017136326,50.80365,24.1488106351578,40.184384347174266,16.035573712016465,0.350193443096598,3.509190808443004,2.671566207861818,81.71115433925789,6
96,1.5118975960142693,50.65363333333333,24.208608644018938,40.320066232195046,16.11145758817611,0.3530352423695142,3.5068097579555353,2.6540810507928123,81.43861246029738,5
97,1.5065638960681105,50.65078333333334,24.228213693022468,40.336505612651585,16.108291919629117,0.3542554806845953,3.50609090727422,2.656849703962618,81.1513118362076,4
98,1.5015453526671363,50.50625,24.259335333982396,40.43267631588412,16.173340981901728,0.3567976685041286,3.5037157727265953,2.6363048614501152,80.88098717121403,3
99,1.4908444050400238,50.35,24.228985806758885,40.314538591575015,16.08555278481613,0.3573925302636259,3.5067479961367156,2.69951692300468,80.30457886878683,2
100,1.485868384561201,50.3625,24.27409668200787,40.386661855917744,16.112565173909875,0.3591669628045309,3.5058813026542324,2.698216006032282,80.03654470798278,1
101,1.480413677976106,50.20441666666667,24.263811999299513,40.43384612547835,16.170034126178834,0.3617246899772907,3.504168333530808,2.6911707598773864,79.74272604140161,0
102,1.4752095869031632,50.04401666666667,24.253757559853845,40.44479269068758,16.191035130833733,0.3635243471087644,3.5030568931470634,2.690162319231471,79.46240682056631,0
103,1.4859035988304024,50.2,24.344257833007873,40.58499656066617,16.240738727658297,0.36206390956969625,3.4982324882487936,2.6355034454892072,80.03844153038008,0
104,1.4960918298136696,50.335166666666666,25.05822714016358,40.99869158762305,15.940464447459469,0.35296396464247315,3.5065859365661325,2.6594753656507684,80.58723226653154,0
105,1.4808005946928984,50.0362000000001,24.85067433400367,40.997807625227495,16.147133291223824,0.36119340903465474,3.501457140697961,2.644554999824577,79.76356737393388,0
106,1.4697543268466824,49.87838333333333,24.688453043463287,40.84213757482493,16.153684531361645,0.36399675364982137,3.501658387162809,2.6719601666204564,79.168558341158,0
107,1.4539012274845928,49.407799999999995,24.444236533813477,40.69012464267011,16.245888108856636,0.369975892923283,3.4966186408455298,2.6598211033173382,78.31462853887025,0
108,1.4541462067235693,49.72291666666667,24.382815275144992,40.69938049882204,16.316565223677046,0.3716535929409761,3.4991645719433246,2.688360455508818,78.32782438583529,0
109,1.455023751906683,49.58828333333334,24.71534698579929,41.06026204078849,16.344915054989198,0.3720676908348222,3.496080777360074,2.6376728619288525,78.37509350133121,0
110,1.449042163761236,49.58308333333334,24.851431185422516,41.19696040482682,16.345529219404302,0.37350097101177027,3.4959014526387993,2.645120521151077,78.05289427291893,0
111,1.4386709371480566,49.4375,24.593120256300985,40.84446688602949,16.251346629728502,0.3739882242913837,3.49758697990267,2.698012437629632,77.49424644709048,0
112,1.433445432156979,49.27265,24.385017614303333,40.764203830749366,16.379186216446033,0.3783837624899266,3.4956989619989507,2.6928942772989077,77.21277376203588,0
113,1.4333958900838095,49.2724,24.645152954522295,41.11212504270441,16.466972088182118,0.3804001771411174,3.492875380810072,2.6483923655058113,77.21010517012333,0
114,1.42806487344776,49.27343333333333,24.932873139487384,41.27256611507568,16.3396929755883,0.3788296473136741,3.49551076423368,2.6832134764261997,76.92294908297353,0
115,1.4229203181741186,49.1211,24.804993137086292,41.15574924454392,16.350756107457627,0.38040672805916914,3.4942333590450834,2.684960445221862,76.64583676775116,0
116,1.417429032731308,48.9664,24.578577776974136,41.03237216951879,16.45379439254465,0.3842333543319536,3.491197414255986,2.669922120529456,76.35004777498811,0
117,1.412409228794446,48.81875,24.357810301716302,40.937269906716935,16.579459605000633,0.38856924527301046,3.4889094081576237,2.664105530655056,76.07965521102183,0
118,1.412578792940193,48.807566666666666,24.616751003686066,41.240704611971786,16.62395360828572,0.38961675957400127,3.487376295811431,2.634098605983684,76.08878881159706,0
119,1.4075983731469897,48.822916666666664,25.029278052079956,41.43649987692296,16.407221824843003,0.38590336493313177,3.491994243745711,2.68378702970616,75.82051768100095,0
120,1.4333920485221476,49.100516666666664,25.159494190646395,41.16703904201915,16.007544851372753,0.3698138099176455,3.491585878898649,2.660031949282934,77.20989824377314,0
121,1.4382550176792908,49.2573,25.21215090210571,41.36216559728765,16.15001469518194,0.37178549021576446,3.495576227046425,2.650011641082063,77.47184287655712,0
122,1.4173547174485526,48.96041666666667,24.852009021918743,41.02198772703674,16.169978705117995,0.3776676451472951,3.4938988589692483,2.6936969083341418,76.34604477007024,0
123,1.406981663677643,48.81796666666666,24.475953784901723,40.78818812957494,16.312234344673218,0.38373496378635374,3.49159162968384,2.697073130067154,75.78729852409039,0
124,1.4012037783587625,48.639583333333334,24.345219404030782,40.81506138506309,16.469841981032307,0.3890153937970063,3.4885729299834787,2.6806995515145213,75.47607178190572,0
125,1.3967008232726328,48.66353333333333,24.326630542911904,40.858374219876424,16.53174367696452,0.3917450050149253,3.4869021151089825,2.6695398084864568,75.23351936621818,0
126,1.391284788852726,48.34036666666667,24.280281649900346,40.839876773287166,16.55959512338682,0.3938828167604127,3.4855485210036417,2.671695307817951,74.94178378216989,0
127,1.3862287677978349,48.35625,24.239023397259928,40.85376069244676,16.614737295186835,0.39660694103405486,3.4838912547260388,2.661289185949965,74.66944037718937,0
128,1.3804366761974138,48.353116666666665,24.12349712975845,40.74795214258888,16.624455012830428,0.39847400456924875,3.483198941484065,2.667817533540102,74.35744841131499,0
129,1.3752364150256224,48.193999999999996,24.053006415445992,40.68794001196382,16.634933596517826,0.40021653552926134,3.4836274447098883,2.684008069130594,74.07733548873459,0
130,1.3705128024895008,48.048433333333335,24.06286320276633,40.7810749453613,16.718211742594967,0.40360836166875547,3.480172442538601,2.6585256208771644,73.82289732324247,0
131,1.3705085566270399,48.05441666666666,24.086387020526896,40.88159339768709,16.795206377160195,0.40546960086847234,3.478452148610975,2.6372250579822927,73.8226686191633,0
132,1.3647355108681518,48.049483333333335,24.009281472194747,40.81191473576834,16.802633263573593,0.4072903221147076,3.4785782556105507,2.6514257735606432,73.51170256067292,0
133,1.375392016895762,48.194266666666664,24.719545529723796,41.11793533148924,16.398389801765447,0.3944637304721989,3.4825195584604582,2.676384659108382,74.08571700903981,0
134,1.3861115151535393,48.354166666666664,24.843079939814473,41.248795355864885,16.405715416050413,0.39164188589566806,3.4886823636752826,2.6949138502817815,74.6631245442362,0
135,1.3698500035838939,48.19505,24.581003847390768,41.16242984455477,16.581425997164004,0.4004620776469926,3.4858502383832755,2.6973343716306273,73.78719555127383,0
136,1.3647827949260758,48.050266666666666,24.340286688400784,41.16437554618679,16.824088857786005,0.40781550609722667,3.478794177297151,2.642540259937964,73.5142495242232,0
137,1.3543220466259964,47.890883333333335,24.03013803682012,40.864216180205034,16.834078143384914,0.4111801400650022,3.4812826020756744,2.699226257883075,72.95077959801873,0
138,1.3546417018378962,47.90051666666667,24.401718287950963,41.25434553511566,16.852627247164698,0.41155212153583176,3.480352041587074,2.676480329780849,72.96799787853683,0
139,1.3547039213192407,47.9039,24.647812199908287,41.45023191903855,16.802419719130263,0.4102998025911161,3.4781127815565127,2.642142168479886,72.97134934112401,0
140,1.349314997503458,47.74973333333333,24.40715882292003,41.27708509224051,16.86992626932048,0.41353145894848026,3.4765867130506125,2.644725254926797,72.68107407422197,0
141,1.3441891937970554,47.58488333333333,24.071743981632668,41.064605154983276,16.992861173350608,0.4181197663455237,3.4733769291841643,2.632270655366611,72.40497181525036,0
142,1.3389913790695755,47.59375,23.873389284419225,40.99284868101728,17.119459396598053,0.4228903043390785,3.4726366397371127,2.6391006118876117,72.12499067079483,0
143,1.3389145230206971,47.59323333333334,24.1748787384492,41.29040553417739,17.11552679572819,0.42283946666126915,3.473439372740961,2.637841830893275,72.1208508070922,0
144,1.3340066759761655,47.45728333333333,24.28632352426044,41.22740227746052,16.94107875320008,0.4199996715881146,3.4754777099091454,2.668286095904868,71.8564888195292,0
145,1.3286444309174914,47.456,24.01310273031714,41.04619550953222,17.033092779215078,0.42392847319419463,3.4722884821666766,2.6490198126838553,71.56765060826295,0
146,1.3231708992276219,47.2888,23.715060546682704,40.85874389007758,17.143683343394873,0.42845265794909754,3.471373665098864,2.664058512378051,71.27281792431958,0
147,1.3181691588445197,47.288016666666664,23.57702261502623,40.79196924883506,17.21494663380883,0.4318865283635342,3.4726160162875095,2.6883611693898826,71.00339835664494,0
148,1.3184664436640334,47.30858333333333,23.959878308016872,41.14127834456325,17.181400036546375,0.4309829239619532,3.4738146874457896,2.6869753836302124,71.01941165230103,0
149,1.318293040102702,47.138799999999996,23.967802824849826,41.14429319149828,17.17649036664845,0.43087940353524884,3.4701426486639693,2.6507536817766586,71.01007124097441,0
150,1.323872422244268,47.30441666666666,23.59435393515375,40.66184230912503,17.067488373971276,0.4280976126088228,3.467523652225441,2.6646322789106516,71.3106055768929,0
151,1.3601216766554785,47.74245,24.237681569505874,41.046694544970684,16.80901297546481,0.40889037215745055,3.4767525840839255,2.6400211837268666,73.26317762261326,0
152,1.3395306867947354,47.43983333333333,24.167374158398008,41.0462053156659,16.878831157267893,0.4168149516526506,3.4758956827369127,2.674198661305034,72.1540405700353,0
153,1.3290286565120697,47.299483333333335,23.987394863111092,40.868302643225604,16.880907780114512,0.4201054383087811,3.475812179626641,2.696427051131168,71.58834698305493,0
154,1.3236741274998955,47.3026,23.876504321833462,40.85283588259973,16.976331560766265,0.4241348987323487,3.4746554404904435,2.6928340297696836,71.29992439790138,0
155,1.318633896753293,47.164049999999996,23.800482246729,40.85270645265791,17.052224205928912,0.42762536392764455,3.472301781313945,2.681747855329962,71.02843154047166,0
156,1.3134751321324272,47.16041666666667,23.75244046991811,40.8263251809212,17.073884711003092,0.4315759312180949,3.4729305773503527,2.696791414385091,70.75055383642601,0
157,1.3132020634442203,46.99061666666667,23.770683336009036,40.90308836809665,17.13240503208761,0.43138536421735474,3.4696192030612285,2.664695973142795,70.73584494666221,0
158,1.3077959946944353,46.992983333333335,23.69874029857621,40.84337405460518,17.144633756028966,0.4334698026280697,3.470018470757559,2.679191623358613,70.4446461650727,0
159,1.3030329186405918,46.84453333333333,23.681325932299053,40.81792110626284,17.136595173963784,0.4348843273234399,3.470762691935287,2.699983457940659,70.18808229071344,0
160,1.3033573559038205,46.85808333333333,23.75348711820252,40.946993847659506,17.193506729456985,0.4361845164376901,3.468111467035994,2.666300786624286,70.20555815721221,0
161,1.3034100438655642,46.707033333333335,23.791068115787706,41.074938058306316,17.28386994251861,0.43843357516941384,3.4648625780221494,2.6308501373847837,70.20839620292978,0
162,1.2978870806495706,46.69375,23.837597031961703,41.02476444658572,17.187167414624017,0.4378286357048535,3.467864133752208,2.673348140468748,69.9109008817086,0
163,1.2980735056918902,46.700516666666665,23.75127102411842,41.06214198725253,17.31087096313411,0.44093307790616426,3.464021404592563,2.632763831012711,69.92094269724848,0
164,1.293463613844243,46.5565,23.741424141669572,40.98366325567302,17.24223911400345,0.4408254035006669,3.4664623858156745,2.6687371180046218,69.67263011532883,0
165,1.288003392619118,46.5565,23.80397851847974,40.98234242711097,17.17836390863123,0.44278888820443507,3.46850906693551,2.696396337945361,69.37851440175622,0
166,1.2874525221379407,46.54141666666667,23.849121770252687,41.06375085817118,17.214629087918496,0.4421031987042273,3.466806213058136,2.6794834862925194,69.34884167276275,0
167,1.3090153642307354,46.70026666666667,24.93410482186201,41.047029587744966,16.112924765882955,0.4087467105384226,3.471070722008039,2.6787137407179737,70.5103277055252,0
168,1.3250793286429356,47.006499999999996,25.09329713312876,41.051007697556734,15.957710564427973,0.4000131325846404,3.475472204020004,2.655378369801326,71.37561578838873,0
