cell,cycle,measured_SOH,ridge_prediction,physics_guided_prediction
B0018,1,100.0,90.59188769408226,90.59188769408226
B0018,2,99.3633983664338,90.66920492385256,90.59188769408226
B0018,3,99.16966895859797,91.25381922857297,90.59188769408226
B0018,4,98.68836350412234,91.7851299686824,90.59188769408226
B0018,5,98.79761404357093,91.64933224730497,90.59188769408226
B0018,6,98.57274546289774,91.69969768876706,90.59188769408226
B0018,7,98.17772243450524,92.24179309687806,90.59188769408226
B0018,8,97.85259228744275,91.74368240441312,90.59188769408226
B0018,9,97.26650430627024,91.66484812841725,90.59188769408226
B0018,10,98.28009634752517,92.18967102158784,90.59188769408226
B0018,11,97.68846014740458,91.73945723175414,90.59188769408226
B0018,12,97.28772183488542,91.62368061452264,90.59188769408226
B0018,13,96.54123910288773,91.8730161666751,90.59188769408226
B0018,14,96.14373996680884,91.8926002063247,90.59188769408226
B0018,15,96.00723839592447,91.54097939028514,90.59188769408226
B0018,16,95.4827343988009,90.61965799487895,90.59188769408226
B0018,17,95.34372449488482,90.44590437014504,90.54079353070424
B0018,18,94.5351054693852,90.72212718737345,90.54079353070424
B0018,19,94.13560571253055,90.28109889383678,90.44990040780063
B0018,20,93.67442042482638,90.20103890415582,90.36279888152495
B0018,21,93.3429894181155,90.72709669376432,90.36279888152495
B0018,22,92.10732212762565,89.54278795554075,90.07579505743048
B0018,23,92.26230652733616,89.82129938693477,89.98672157275698
B0018,24,92.04840841029782,90.06504183344693,89.98672157275698
B0018,25,94.29832579006579,90.93585765348256,89.98672157275698
B0018,26,93.4105386440806,89.30457580550504,89.7479705542188
B0018,27,92.84243318688938,89.44871973474362,89.64323276740248
B0018,28,92.28259445182906,88.84890307018917,89.36521737337782
B0018,29,91.6045117993578,87.90087013731834,88.85269584075701
B0018,30,91.32250757005568,88.49200307932514,88.72645337425585
B0018,31,90.66838862255429,88.226752661906,88.55155812493341
B0018,32,90.40285579078848,87.30158124796574,88.11406621799472
B0018,33,89.78538391580942,86.77304769942337,87.64470973649475
B0018,34,89.33630290434469,86.53226014161781,87.25535237828782
B0018,35,88.85283766459536,86.29926965768101,86.92072342607544
B0018,36,88.34318900203323,85.48148427821938,86.41698972432582
B0018,37,87.74365089051547,86.35962970410166,86.39691371724737
B0018,38,87.44742581978934,84.9211036686629,85.8803802002428
B0018,39,87.00823275398015,84.26024950886794,85.3133344582616
B0018,40,90.3529666185232,86.69732667986777,85.3133344582616
B0018,41,88.91086916860135,86.49183093895753,85.3133344582616
B0018,42,87.99886865838727,85.42434948406945,85.3133344582616
B0018,43,87.13811496336645,85.0958153799272,85.23720278084456
B0018,44,86.84091169427205,85.90962510868091,85.23720278084456
B0018,45,86.00862431802415,85.14813007397666,85.2060273334408
B0018,46,93.0837321813855,87.92548333343147,85.2060273334408
B0018,47,92.53710017973063,87.86144343736613,85.2060273334408
B0018,48,91.4188368861919,87.68986886650757,85.2060273334408
B0018,49,90.44605014567585,86.94150125153887,85.2060273334408
B0018,50,89.5231613273491,86.54564195946503,85.2060273334408
B0018,51,89.83325424846362,86.60019620186718,85.2060273334408
B0018,52,88.77787622525443,85.14667986994564,85.1852557212175
B0018,53,87.64205017595725,85.5616971125209,85.1852557212175
B0018,54,86.90856130635962,84.18045317751253,84.83357483092075
B0018,55,86.56241342693627,84.45959375185151,84.70268145324653
B0018,56,90.223247227783,86.23567024851788,84.70268145324653
B0018,57,88.43293042409496,85.49838064781052,84.70268145324653
B0018,58,86.96826954654632,83.97148509133062,84.44676272657595
B0018,59,85.82709177386076,83.19574095984038,84.0089051082185
B0018,60,85.5308525821416,83.59311851009501,83.86337979887529
B0018,61,85.1791265910117,83.53332511789043,83.74786066053059
B0018,62,84.32180503052695,82.1776334586739,83.19828113988075
B0018,63,83.86061892347928,82.35622063894469,82.90355996455312
B0018,64,83.02969133503282,81.52540885315399,82.42120707556343
B0018,65,82.59609528835993,81.18976733847542,81.99020316758262
B0018,66,82.56708936300427,80.92226993292765,81.61642653545339
B0018,67,82.06231187124104,81.35529324024589,81.52502988213075
B0018,68,81.21418011653458,80.09239008699441,81.02360595383303
B0018,69,80.93899172887186,79.65666981635813,80.54517830571682
B0018,70,80.66575552659644,79.27210856020814,80.09960389478879
B0018,71,82.6642837170715,80.65958855458494,80.09960389478879
B0018,72,82.14779265683784,80.20116864916076,80.09960389478879
B0018,73,80.92660058779416,78.39669419227887,79.50358549891033
B0018,74,80.45358675534857,78.74079578291789,79.23660909831298
B0018,75,79.9633550923934,78.70892693762882,79.05192034207352
B0018,76,79.82393911352555,78.40830667654329,78.82665555913793
B0018,77,79.4341881367415,78.32313926825547,78.65042485732907
B0018,78,79.1383130775639,76.89388249603735,78.03563503087697
B0018,79,78.60316993136419,76.72391794423766,77.5765340505532
B0018,80,78.05189058362433,76.47341738438291,77.19044321739361
B0018,81,78.31683758563824,77.51132992282413,77.19044321739361
B0018,82,77.76453481817188,77.03730741039367,77.13684568494362
B0018,83,77.58855957432074,76.39802046330622,76.87825685737053
B0018,84,77.01585371768061,75.53409685660705,76.40780085710331
B0018,85,76.81397317526904,75.86256137850134,76.21696703959262
B0018,86,79.23492994106556,76.97792774978255,76.21696703959262
B0018,87,78.30611455790711,75.99710445891648,76.14001513635597
B0018,88,77.78062979024362,76.23120795370366,76.14001513635597
B0018,89,77.0012171290454,75.33394211144925,75.85788957763862
B0018,90,76.30465417051595,76.2914677133953,75.85788957763862
B0018,91,78.41364556121901,76.22640581646743,75.85788957763862
B0018,92,76.99808484662279,74.9494328897076,75.53992973686276
B0018,93,76.53365112635747,74.36361576729003,75.1282198475123
B0018,94,76.31036189749955,74.00155517919647,74.73388721360176
B0018,95,75.77771480684933,73.53217561291574,74.31328815336165
B0018,96,75.92682882066349,73.61919856980984,74.07035679911851
B0018,97,75.30196086484692,73.27107283469452,73.79060741157012
B0018,98,75.12472457747809,73.55079610827204,73.7066734554158
B0018,99,74.89816944965945,73.2191172249912,73.53602877476719
B0018,100,74.31599902402239,72.65757457879278,73.22856980617615
B0018,101,74.65755983684312,73.17723690806032,73.21060329183561
B0018,102,73.87179740348331,71.95127411250137,72.76983807906862
B0018,103,74.03466800917732,72.33084223134006,72.61618953236362
B0018,104,73.7436870486498,72.02354858643072,72.40876520128711
B0018,105,73.13804864100184,71.21544753043383,71.99110401648846
B0018,106,78.72924322020762,78.06389512056194,71.99110401648846
B0018,107,78.17231049614925,76.43374589109845,71.99110401648846
B0018,108,77.52761106852412,75.74066609209373,71.99110401648846
B0018,109,77.00079337204485,75.44713726692568,71.99110401648846
B0018,110,76.26867945054364,75.23814759759223,71.99110401648846
B0018,111,76.22025431993113,75.07936087042711,71.99110401648846
B0018,112,75.41400306782735,74.89322401593655,71.99110401648846
B0018,113,75.21988452127043,73.42846437388631,71.99110401648846
B0018,114,74.93491870022228,72.85753864575202,71.99110401648846
B0018,115,74.7182624023947,73.05938941004777,71.99110401648846
B0018,116,74.83621978461461,73.10373282300357,71.99110401648846
B0018,117,74.18756347033406,73.25728205635664,71.99110401648846
B0018,118,73.56946436346267,72.3516645116971,71.99110401648846
B0018,119,73.2604939074654,72.52517349186633,71.99110401648846
B0018,120,72.57291620112974,72.40282362394461,71.99110401648846
B0018,121,76.91856089045949,76.6371890739297,71.99110401648846
B0018,122,75.81912240991063,74.93009389517877,71.99110401648846
B0018,123,75.12061203027417,73.57509911196249,71.99110401648846
B0018,124,74.83805757157408,74.02525721722013,71.99110401648846
B0018,125,73.86439323920165,73.3461464324349,71.99110401648846
B0018,126,74.3769166650052,73.71337237470657,71.99110401648846
B0018,127,73.78195670433692,72.14971031677933,71.99110401648846
B0018,128,73.46274160714678,71.63440280581469,71.86625859275264
B0018,129,73.49874882306875,72.32495982221417,71.86625859275264
B0018,130,72.87662042753458,71.19241882604159,71.63041467440378
B0018,131,73.03469925709389,70.98308249726472,71.40384841240511
B0018,132,72.29370201580872,71.24323456833831,71.34763356698173
